sale_id,lead_id,product_id,sales_rep,stage,quantity,price,amount,close_date
1,471,103,Rep_11,Contacted,1,249,158,2022-09-18
2,29,109,Rep_2,Proposal,3,2199,2245,2022-11-17
3,103,104,Rep_1,Closed Won,1,999,999,2023-11-24
4,275,109,Rep_12,Contacted,1,2199,1906,2022-09-04
5,365,101,Rep_5,Contacted,4,499,1444,2022-05-08
6,92,107,Rep_4,Contacted,3,799,1845,2022-08-31
7,414,102,Rep_4,Proposal,3,1299,2677,2022-03-15
8,227,101,Rep_3,Closed Won,1,499,499,2023-03-31
9,46,107,Rep_12,Contacted,5,799,1701,2023-05-07
10,128,105,Rep_2,Closed Lost,3,1499,2206,2023-12-31
11,473,108,Rep_11,Contacted,3,399,717,2023-06-10
12,269,103,Rep_12,Closed Lost,1,249,147,2022-01-15
13,237,101,Rep_15,Contacted,1,499,314,2022-07-29
14,386,101,Rep_9,Contacted,1,499,310,2023-03-06
15,495,103,Rep_2,Contacted,1,249,118,2022-07-02
16,441,102,Rep_10,Closed Won,1,1299,1299,2023-01-29
17,319,103,Rep_7,Contacted,1,249,177,2023-02-09
18,350,106,Rep_1,Proposal,5,299,539,2022-02-16
19,359,109,Rep_1,Closed Won,1,2199,2199,2022-05-13
20,382,100,Rep_2,Closed Lost,3,199,367,2022-02-24
21,419,108,Rep_4,Closed Lost,2,399,441,2023-07-30
22,153,102,Rep_4,Contacted,1,1299,595,2022-02-23
23,332,101,Rep_9,Closed Won,2,499,998,2022-11-18
24,136,105,Rep_10,Closed Won,1,1499,1499,2023-02-25
25,328,108,Rep_1,Contacted,1,399,187,2022-01-28
26,119,107,Rep_9,Closed Lost,1,799,314,2022-07-28
27,157,109,Rep_4,Closed Won,2,2199,4398,2022-10-17
28,226,100,Rep_12,Proposal,2,199,200,2023-12-31
29,306,101,Rep_11,Proposal,1,499,329,2023-11-06
30,296,101,Rep_12,Contacted,1,499,152,2023-06-25
31,476,105,Rep_9,Contacted,1,1499,1113,2023-07-09
32,470,101,Rep_7,Closed Lost,3,499,739,2023-04-18
33,400,108,Rep_4,Closed Won,4,399,1596,2023-12-31
34,319,106,Rep_8,Closed Lost,1,299,146,2023-01-24
35,489,106,Rep_10,Closed Lost,1,299,92,2022-12-18
36,44,101,Rep_5,Closed Won,1,499,499,2023-07-27
37,49,106,Rep_13,Contacted,2,299,193,2022-07-06
38,128,102,Rep_14,Closed Won,1,1299,1299,2023-12-31
39,242,100,Rep_1,Closed Lost,1,199,105,2022-05-10
40,77,107,Rep_13,Contacted,3,799,1435,2023-07-16
41,199,104,Rep_13,Proposal,1,999,774,2022-04-28
42,268,105,Rep_3,Closed Lost,1,1499,923,2023-08-06
43,232,100,Rep_12,Contacted,1,199,113,2022-05-09
44,132,108,Rep_7,Contacted,1,399,205,2023-10-08
45,313,101,Rep_6,Contacted,1,499,176,2023-02-26
46,183,109,Rep_5,Proposal,1,2199,1490,2023-12-15
47,338,101,Rep_3,Proposal,4,499,1327,2022-08-13
48,449,105,Rep_4,Closed Won,5,1499,7495,2023-09-30
49,75,108,Rep_13,Closed Lost,2,399,598,2023-02-09
50,391,106,Rep_6,Closed Lost,1,299,153,2022-03-09
51,373,101,Rep_2,Closed Won,1,499,499,2023-11-13
52,166,103,Rep_2,Closed Won,1,249,249,2023-07-28
53,99,102,Rep_7,Closed Won,5,1299,6495,2022-03-11
54,98,106,Rep_2,Closed Lost,3,299,544,2022-03-19
55,74,109,Rep_6,Proposal,1,2199,1257,2023-12-31
56,336,109,Rep_14,Closed Won,2,2199,4398,2023-06-28
57,341,102,Rep_6,Proposal,4,1299,2740,2022-01-21
58,312,100,Rep_10,Contacted,1,199,128,2022-11-08
59,68,102,Rep_5,Contacted,2,1299,1928,2023-03-08
60,224,107,Rep_13,Contacted,1,799,592,2023-12-31
61,100,107,Rep_1,Closed Won,1,799,799,2023-07-31
62,496,107,Rep_12,Contacted,1,799,326,2023-04-30
63,161,105,Rep_8,Proposal,1,1499,891,2023-09-11
64,53,104,Rep_9,Proposal,1,999,754,2023-03-04
65,451,101,Rep_2,Closed Lost,1,499,151,2023-05-16
66,153,101,Rep_15,Closed Lost,1,499,160,2022-02-12
67,196,109,Rep_7,Contacted,3,2199,3698,2023-04-18
68,181,104,Rep_2,Closed Lost,1,999,405,2023-01-12
69,195,107,Rep_9,Closed Won,1,799,799,2023-09-01
70,31,107,Rep_5,Proposal,1,799,421,2022-09-10
71,359,102,Rep_14,Closed Lost,1,1299,491,2022-05-04
72,50,106,Rep_11,Closed Won,1,299,299,2022-10-08
73,77,108,Rep_10,Contacted,1,399,208,2023-08-16
74,448,109,Rep_15,Proposal,1,2199,1641,2022-07-10
75,470,104,Rep_14,Contacted,1,999,871,2023-04-06
76,295,105,Rep_6,Contacted,1,1499,836,2022-04-23
77,45,105,Rep_10,Contacted,3,1499,3685,2022-06-11
78,375,107,Rep_4,Proposal,2,799,644,2022-06-09
79,413,107,Rep_12,Closed Won,1,799,799,2023-12-22
80,120,108,Rep_2,Closed Lost,1,399,339,2022-02-03
81,466,109,Rep_1,Contacted,1,2199,874,2022-09-10
82,182,104,Rep_11,Contacted,2,999,1163,2023-02-28
83,416,104,Rep_4,Closed Won,1,999,999,2023-09-12
84,388,104,Rep_13,Proposal,2,999,1544,2023-05-24
85,289,109,Rep_5,Closed Lost,1,2199,748,2023-11-17
86,412,103,Rep_2,Closed Won,1,249,249,2023-12-30
87,7,106,Rep_14,Closed Won,1,299,299,2022-02-16
88,374,104,Rep_4,Proposal,1,999,352,2023-11-16
89,61,106,Rep_14,Contacted,1,299,210,2023-04-26
90,167,101,Rep_2,Closed Won,1,499,499,2023-01-19
91,274,100,Rep_7,Contacted,2,199,307,2022-02-17
92,444,100,Rep_5,Closed Won,1,199,199,2023-10-29
93,271,106,Rep_8,Closed Won,1,299,299,2022-09-12
94,257,105,Rep_11,Contacted,2,1499,1873,2022-12-23
95,67,101,Rep_14,Proposal,1,499,202,2023-11-16
96,269,109,Rep_6,Closed Lost,2,2199,2163,2022-02-04
97,237,105,Rep_3,Proposal,1,1499,1293,2022-07-31
98,41,103,Rep_6,Proposal,1,249,118,2023-07-17
99,437,108,Rep_6,Closed Lost,2,399,497,2023-01-27
100,253,105,Rep_4,Closed Won,2,1499,2998,2023-12-30
101,260,105,Rep_11,Closed Lost,3,1499,3121,2022-06-17
102,139,103,Rep_5,Closed Lost,1,249,170,2022-02-18
103,182,100,Rep_12,Contacted,1,199,176,2023-01-19
104,406,106,Rep_15,Contacted,2,299,471,2022-05-28
105,356,106,Rep_11,Contacted,2,299,388,2023-09-11
106,490,100,Rep_11,Closed Won,1,199,199,2023-06-13
107,378,106,Rep_2,Proposal,1,299,176,2022-04-14
108,280,104,Rep_10,Contacted,1,999,440,2022-08-03
109,64,104,Rep_11,Proposal,1,999,515,2022-03-05
110,324,103,Rep_3,Closed Won,1,249,249,2023-01-23
111,195,105,Rep_9,Proposal,3,1499,2486,2023-12-04
112,102,109,Rep_12,Contacted,1,2199,1825,2022-07-09
113,329,102,Rep_4,Closed Won,1,1299,1299,2022-09-29
114,403,104,Rep_3,Contacted,1,999,564,2023-12-10
115,37,107,Rep_8,Proposal,4,799,2565,2023-05-02
116,14,106,Rep_7,Contacted,3,299,457,2022-04-24
117,175,108,Rep_5,Closed Won,1,399,399,2023-01-20
118,451,108,Rep_15,Closed Lost,5,399,1397,2023-05-17
119,243,108,Rep_11,Contacted,1,399,348,2022-07-21
120,138,109,Rep_12,Contacted,1,2199,1901,2022-10-28
121,69,107,Rep_9,Closed Won,1,799,799,2022-01-13
122,204,102,Rep_4,Closed Won,1,1299,1299,2023-08-20
123,294,106,Rep_11,Closed Lost,4,299,404,2022-09-14
124,344,100,Rep_6,Closed Won,1,199,199,2022-07-12
125,127,101,Rep_14,Contacted,5,499,1760,2023-11-30
126,287,105,Rep_13,Closed Won,1,1499,1499,2023-10-26
127,328,106,Rep_13,Closed Won,1,299,299,2022-06-11
128,125,105,Rep_1,Contacted,1,1499,820,2023-12-31
129,194,107,Rep_4,Closed Won,3,799,2397,2023-11-07
130,415,108,Rep_14,Closed Won,2,399,798,2023-04-30
131,394,103,Rep_1,Closed Lost,3,249,316,2023-03-17
132,247,101,Rep_13,Proposal,1,499,353,2023-11-17
133,133,107,Rep_6,Contacted,1,799,624,2022-01-10
134,372,101,Rep_7,Closed Won,1,499,499,2022-10-15
135,196,109,Rep_5,Closed Lost,1,2199,1756,2023-05-02
136,240,108,Rep_2,Contacted,3,399,833,2023-10-02
137,329,105,Rep_4,Closed Won,4,1499,5996,2022-08-17
138,443,109,Rep_15,Closed Lost,5,2199,8118,2022-04-18
139,212,100,Rep_10,Contacted,4,199,244,2022-05-03
140,421,107,Rep_15,Contacted,3,799,1781,2022-01-24
141,191,108,Rep_12,Closed Won,1,399,399,2023-12-31
142,238,101,Rep_6,Closed Lost,1,499,323,2023-06-06
143,87,109,Rep_4,Proposal,1,2199,1109,2022-11-06
144,464,100,Rep_11,Contacted,1,199,102,2023-12-31
145,303,105,Rep_8,Closed Won,5,1499,7495,2023-12-31
146,241,107,Rep_7,Contacted,3,799,1967,2022-08-15
147,147,108,Rep_15,Contacted,1,399,145,2023-05-02
148,131,104,Rep_15,Contacted,1,999,349,2023-04-17
149,312,106,Rep_11,Closed Won,4,299,1196,2022-08-13
150,383,104,Rep_8,Closed Won,2,999,1998,2023-06-12
151,268,105,Rep_3,Proposal,1,1499,769,2023-08-16
152,306,108,Rep_5,Contacted,1,399,171,2023-08-07
153,93,109,Rep_3,Proposal,1,2199,1581,2022-09-17
154,175,109,Rep_4,Closed Won,3,2199,6597,2022-08-15
155,258,105,Rep_12,Closed Won,1,1499,1499,2023-11-19
156,451,100,Rep_9,Proposal,1,199,61,2023-05-31
157,156,109,Rep_9,Proposal,2,2199,2246,2023-11-30
158,378,106,Rep_5,Closed Won,1,299,299,2022-05-13
159,63,102,Rep_12,Closed Lost,1,1299,1092,2023-06-30
160,164,102,Rep_10,Closed Lost,3,1299,1326,2022-03-31
161,56,101,Rep_7,Closed Lost,4,499,1347,2022-12-14
162,173,105,Rep_15,Proposal,2,1499,2186,2022-09-17
163,423,105,Rep_10,Closed Lost,3,1499,2917,2022-09-11
164,331,105,Rep_7,Proposal,1,1499,772,2023-09-03
165,24,108,Rep_6,Closed Lost,4,399,810,2023-04-05
166,171,103,Rep_4,Closed Won,1,249,249,2023-01-17
167,49,107,Rep_3,Contacted,1,799,240,2022-07-16
168,236,102,Rep_9,Proposal,3,1299,3373,2023-09-09
169,336,109,Rep_8,Closed Won,1,2199,2199,2023-06-08
170,13,106,Rep_2,Proposal,1,299,150,2023-04-27
171,402,104,Rep_13,Proposal,1,999,812,2023-12-31
172,436,103,Rep_1,Proposal,1,249,213,2022-03-22
173,262,106,Rep_14,Contacted,5,299,694,2022-10-27
174,378,109,Rep_2,Contacted,1,2199,1924,2022-04-19
175,174,106,Rep_3,Closed Won,2,299,598,2022-07-26
176,109,103,Rep_11,Contacted,2,249,393,2023-03-20
177,391,109,Rep_3,Closed Lost,1,2199,1597,2022-03-14
178,461,103,Rep_13,Closed Lost,1,249,168,2023-11-05
179,118,104,Rep_11,Proposal,1,999,687,2022-05-16
180,154,104,Rep_7,Proposal,1,999,329,2023-08-23
181,382,101,Rep_10,Proposal,1,499,280,2022-02-17
182,187,107,Rep_2,Closed Lost,1,799,609,2022-11-30
183,407,103,Rep_7,Closed Lost,1,249,118,2022-06-18
184,130,105,Rep_7,Closed Lost,1,1499,1130,2023-09-12
185,472,109,Rep_10,Contacted,1,2199,1286,2022-08-16
186,377,101,Rep_8,Closed Won,1,499,499,2023-02-08
187,252,108,Rep_9,Proposal,1,399,153,2022-06-08
188,147,108,Rep_5,Contacted,2,399,653,2023-06-06
189,416,103,Rep_9,Proposal,3,249,336,2023-11-27
190,118,100,Rep_14,Closed Lost,1,199,116,2022-09-02
191,72,100,Rep_1,Closed Won,3,199,597,2022-05-17
192,401,104,Rep_11,Proposal,1,999,694,2022-02-21
193,400,103,Rep_12,Contacted,5,249,874,2023-12-31
194,375,102,Rep_2,Closed Lost,4,1299,2245,2022-06-14
195,355,107,Rep_11,Contacted,1,799,250,2022-07-09
196,238,109,Rep_15,Closed Won,3,2199,6597,2023-07-22
197,165,102,Rep_9,Closed Lost,1,1299,550,2023-09-18
198,67,109,Rep_13,Contacted,3,2199,5000,2023-07-29
199,374,103,Rep_5,Contacted,1,249,118,2023-10-06
200,66,100,Rep_13,Closed Lost,1,199,83,2022-05-17
201,355,102,Rep_11,Contacted,1,1299,587,2022-09-19
202,128,100,Rep_6,Closed Won,3,199,597,2023-12-31
203,385,108,Rep_2,Closed Won,2,399,798,2023-08-21
204,6,100,Rep_5,Proposal,1,199,94,2023-12-31
205,167,103,Rep_7,Contacted,2,249,337,2022-12-22
206,465,102,Rep_3,Proposal,5,1299,5485,2022-10-12
207,472,104,Rep_8,Closed Lost,3,999,1905,2022-09-10
208,180,101,Rep_1,Closed Won,3,499,1497,2023-12-31
209,428,104,Rep_12,Proposal,1,999,873,2023-01-10
210,55,102,Rep_15,Closed Won,2,1299,2598,2022-09-10
211,173,105,Rep_12,Contacted,1,1499,1214,2022-10-19
212,113,108,Rep_5,Closed Won,1,399,399,2023-01-23
213,357,100,Rep_9,Closed Won,1,199,199,2022-04-17
214,268,106,Rep_13,Proposal,1,299,201,2023-08-12
215,334,101,Rep_3,Proposal,3,499,844,2023-05-11
216,197,101,Rep_9,Contacted,1,499,359,2022-08-24
217,42,108,Rep_15,Closed Won,3,399,1197,2023-08-17
218,307,108,Rep_2,Contacted,1,399,314,2023-02-07
219,74,108,Rep_14,Closed Lost,1,399,243,2023-12-10
220,64,105,Rep_11,Closed Lost,1,1499,898,2022-03-02
221,487,103,Rep_5,Closed Won,1,249,249,2023-04-20
222,261,105,Rep_14,Contacted,1,1499,1005,2023-02-24
223,262,101,Rep_11,Contacted,1,499,236,2022-12-11
224,133,105,Rep_9,Proposal,1,1499,965,2022-01-21
225,462,107,Rep_10,Closed Won,1,799,799,2023-03-16
226,297,108,Rep_4,Proposal,1,399,127,2023-10-09
227,464,109,Rep_3,Contacted,1,2199,1948,2023-11-28
228,282,106,Rep_6,Proposal,1,299,211,2023-05-13
229,348,104,Rep_13,Proposal,1,999,665,2023-08-27
230,481,104,Rep_3,Closed Won,2,999,1998,2022-02-14
231,375,102,Rep_9,Contacted,3,1299,3435,2022-07-29
232,330,109,Rep_13,Proposal,1,2199,892,2022-10-21
233,211,102,Rep_15,Closed Won,4,1299,5196,2023-12-23
234,11,101,Rep_9,Closed Won,1,499,499,2022-08-09
235,77,106,Rep_15,Proposal,2,299,196,2023-07-18
236,18,105,Rep_1,Closed Won,1,1499,1499,2022-06-23
237,28,104,Rep_10,Closed Lost,1,999,868,2023-04-23
238,371,108,Rep_6,Closed Won,2,399,798,2023-10-26
239,62,105,Rep_8,Proposal,2,1499,1741,2023-03-30
240,325,109,Rep_1,Closed Won,1,2199,2199,2023-08-09
241,107,102,Rep_2,Closed Lost,1,1299,434,2023-06-16
242,308,107,Rep_15,Closed Lost,2,799,1022,2022-12-05
243,87,100,Rep_6,Closed Won,2,199,398,2022-10-27
244,439,109,Rep_15,Contacted,1,2199,685,2022-05-29
245,473,104,Rep_14,Closed Won,1,999,999,2023-06-25
246,341,100,Rep_13,Contacted,3,199,429,2022-02-13
247,31,101,Rep_5,Contacted,3,499,1305,2022-09-14
248,14,108,Rep_4,Closed Won,1,399,399,2022-05-05
249,49,101,Rep_1,Contacted,1,499,443,2022-06-16
250,171,107,Rep_4,Contacted,5,799,1612,2023-03-14
251,99,108,Rep_15,Contacted,1,399,153,2022-03-14
252,379,102,Rep_10,Proposal,1,1299,1168,2023-01-29
253,119,108,Rep_2,Proposal,1,399,287,2022-08-11
254,408,103,Rep_2,Proposal,1,249,106,2022-12-05
255,40,100,Rep_12,Proposal,1,199,112,2023-12-21
256,27,106,Rep_8,Closed Lost,1,299,264,2022-06-14
257,75,106,Rep_14,Contacted,1,299,143,2023-02-11
258,410,102,Rep_2,Closed Won,1,1299,1299,2022-12-29
259,264,107,Rep_13,Contacted,1,799,335,2022-09-25
260,49,107,Rep_9,Closed Lost,1,799,539,2022-08-05
261,463,108,Rep_13,Contacted,1,399,201,2022-04-05
262,425,101,Rep_3,Closed Lost,2,499,381,2022-04-03
263,133,103,Rep_3,Contacted,1,249,150,2022-01-09
264,368,107,Rep_11,Contacted,1,799,533,2023-08-18
265,256,106,Rep_8,Closed Won,1,299,299,2023-07-10
266,456,104,Rep_9,Proposal,1,999,303,2023-04-24
267,205,106,Rep_3,Proposal,1,299,185,2023-03-14
268,252,102,Rep_5,Closed Lost,1,1299,588,2022-07-13
269,352,109,Rep_9,Closed Lost,2,2199,3538,2022-12-18
270,58,109,Rep_14,Contacted,3,2199,3547,2022-12-07
271,368,107,Rep_10,Proposal,1,799,568,2023-10-15
272,129,103,Rep_7,Closed Won,2,249,498,2023-11-02
273,463,104,Rep_4,Closed Won,1,999,999,2022-04-09
274,168,104,Rep_15,Contacted,3,999,1746,2022-11-28
275,227,101,Rep_9,Proposal,1,499,150,2023-03-20
276,217,105,Rep_13,Proposal,1,1499,507,2022-09-12
277,418,108,Rep_12,Contacted,3,399,543,2022-03-27
278,354,105,Rep_12,Closed Won,2,1499,2998,2022-11-04
279,105,103,Rep_4,Closed Won,5,249,1245,2022-03-26
280,52,103,Rep_12,Proposal,1,249,97,2023-09-08
281,433,105,Rep_5,Closed Lost,1,1499,946,2023-11-04
282,225,102,Rep_7,Proposal,1,1299,658,2023-12-11
283,6,103,Rep_11,Proposal,4,249,721,2023-12-30
284,355,102,Rep_11,Proposal,1,1299,975,2023-01-19
285,479,109,Rep_6,Closed Won,1,2199,2199,2022-09-13
286,475,109,Rep_8,Contacted,1,2199,1429,2023-01-04
287,245,102,Rep_15,Closed Won,1,1299,1299,2023-08-04
288,136,105,Rep_9,Closed Lost,2,1499,1567,2023-02-19
289,337,102,Rep_8,Closed Won,1,1299,1299,2023-07-03
290,317,104,Rep_2,Proposal,1,999,691,2023-05-03
291,322,100,Rep_4,Closed Lost,2,199,323,2022-03-25
292,392,108,Rep_4,Closed Won,1,399,399,2022-12-07
293,148,101,Rep_2,Closed Won,1,499,499,2023-03-28
294,56,108,Rep_6,Proposal,1,399,266,2023-01-30
295,149,100,Rep_1,Contacted,1,199,152,2022-08-25
296,463,102,Rep_10,Proposal,1,1299,744,2022-05-05
297,381,107,Rep_9,Contacted,1,799,515,2022-06-26
298,498,103,Rep_4,Proposal,1,249,216,2023-11-30
299,65,103,Rep_10,Closed Lost,1,249,89,2022-09-05
300,202,102,Rep_4,Contacted,4,1299,4461,2023-08-09
301,430,105,Rep_1,Contacted,1,1499,946,2022-04-28
302,112,106,Rep_2,Proposal,1,299,157,2022-12-06
303,326,106,Rep_12,Contacted,1,299,246,2023-04-22
304,144,107,Rep_11,Contacted,1,799,307,2022-09-11
305,431,100,Rep_1,Closed Won,1,199,199,2023-12-23
306,175,103,Rep_4,Proposal,1,249,146,2022-08-27
307,183,103,Rep_2,Contacted,1,249,133,2023-12-31
308,227,107,Rep_15,Closed Lost,1,799,438,2023-02-25
309,169,106,Rep_1,Closed Lost,2,299,252,2023-11-17
310,408,108,Rep_14,Closed Won,2,399,798,2022-11-27
311,497,103,Rep_6,Closed Lost,1,249,128,2023-11-03
312,85,104,Rep_2,Contacted,2,999,1018,2022-12-25
313,409,102,Rep_9,Contacted,1,1299,638,2023-09-05
314,163,107,Rep_4,Proposal,1,799,698,2023-10-18
315,300,101,Rep_5,Closed Won,5,499,2495,2023-02-20
316,399,100,Rep_11,Proposal,1,199,93,2023-01-03
317,457,105,Rep_8,Closed Won,1,1499,1499,2023-09-23
318,109,106,Rep_4,Contacted,1,299,251,2023-02-10
319,261,100,Rep_9,Closed Lost,1,199,73,2023-03-16
320,119,105,Rep_3,Contacted,1,1499,928,2022-07-22
321,26,109,Rep_12,Proposal,3,2199,4099,2022-11-07
322,209,102,Rep_15,Proposal,1,1299,609,2023-09-18
323,109,109,Rep_15,Proposal,1,2199,1813,2023-02-18
324,66,105,Rep_10,Proposal,1,1499,1102,2022-03-23
325,117,103,Rep_10,Closed Lost,1,249,79,2022-02-17
326,338,103,Rep_8,Closed Won,1,249,249,2022-07-23
327,54,103,Rep_4,Proposal,3,249,370,2022-04-13
328,307,109,Rep_13,Closed Won,3,2199,6597,2023-04-01
329,83,105,Rep_8,Proposal,1,1499,545,2023-04-07
330,302,104,Rep_13,Closed Lost,1,999,522,2022-07-06
331,86,105,Rep_7,Closed Lost,1,1499,1102,2023-12-31
332,318,106,Rep_4,Proposal,2,299,289,2023-05-30
333,284,103,Rep_2,Contacted,5,249,686,2022-03-06
334,371,103,Rep_2,Proposal,1,249,87,2023-10-10
335,259,103,Rep_11,Contacted,1,249,79,2023-04-27
336,422,101,Rep_7,Proposal,1,499,170,2022-06-22
337,10,101,Rep_6,Contacted,1,499,240,2023-06-15
338,53,101,Rep_7,Closed Won,1,499,499,2022-11-16
339,235,100,Rep_7,Closed Won,1,199,199,2022-11-09
340,100,108,Rep_8,Proposal,1,399,299,2023-06-07
341,236,107,Rep_14,Closed Won,5,799,3995,2023-10-18
342,414,101,Rep_12,Closed Won,2,499,998,2022-03-27
343,6,104,Rep_1,Proposal,5,999,2059,2023-12-10
344,41,109,Rep_11,Contacted,1,2199,1023,2023-08-29
345,273,101,Rep_11,Contacted,2,499,411,2023-05-04
346,274,108,Rep_11,Proposal,3,399,943,2022-04-19
347,318,106,Rep_2,Closed Won,1,299,299,2023-04-15
348,336,107,Rep_1,Proposal,1,799,706,2023-06-06
349,42,100,Rep_7,Closed Lost,4,199,499,2023-09-02
350,276,109,Rep_12,Proposal,3,2199,2658,2022-01-15
351,80,102,Rep_6,Proposal,2,1299,783,2022-10-24
352,224,109,Rep_13,Closed Lost,2,2199,2421,2023-12-31
353,370,107,Rep_14,Closed Lost,2,799,923,2023-11-27
354,193,107,Rep_2,Closed Won,1,799,799,2023-01-12
355,426,108,Rep_4,Proposal,1,399,206,2023-11-08
356,403,103,Rep_4,Closed Lost,2,249,170,2023-12-31
357,206,105,Rep_4,Contacted,1,1499,845,2023-03-30
358,182,100,Rep_9,Closed Lost,2,199,279,2023-01-22
359,103,106,Rep_8,Closed Won,1,299,299,2023-11-03
360,466,101,Rep_3,Closed Lost,1,499,339,2022-10-27
361,418,103,Rep_7,Closed Won,1,249,249,2022-03-27
362,397,105,Rep_3,Contacted,2,1499,1128,2022-05-27
363,390,107,Rep_5,Proposal,1,799,462,2023-11-19
364,173,108,Rep_8,Proposal,1,399,283,2022-10-04
365,163,109,Rep_4,Closed Won,1,2199,2199,2023-12-14
366,226,102,Rep_14,Closed Won,3,1299,3897,2023-12-31
367,114,104,Rep_15,Contacted,1,999,778,2023-05-06
368,365,102,Rep_2,Closed Lost,2,1299,2153,2022-06-08
369,316,108,Rep_8,Proposal,1,399,228,2023-12-06
370,78,108,Rep_13,Closed Won,1,399,399,2022-07-20
371,115,104,Rep_14,Proposal,1,999,457,2022-11-13
372,487,105,Rep_14,Closed Won,1,1499,1499,2023-04-10
373,220,107,Rep_9,Closed Won,2,799,1598,2023-10-01
374,410,103,Rep_2,Proposal,1,249,105,2022-12-13
375,398,100,Rep_1,Contacted,1,199,78,2022-06-08
376,134,101,Rep_11,Proposal,1,499,370,2023-03-12
377,433,109,Rep_9,Closed Won,1,2199,2199,2023-12-31
378,166,107,Rep_14,Closed Won,1,799,799,2023-09-18
379,211,102,Rep_1,Closed Won,2,1299,2598,2023-12-31
380,453,106,Rep_2,Closed Won,1,299,299,2022-10-26
381,475,103,Rep_15,Contacted,1,249,120,2022-12-10
382,458,102,Rep_13,Contacted,1,1299,520,2022-09-27
383,95,107,Rep_14,Proposal,5,799,2299,2023-05-13
384,36,102,Rep_4,Proposal,2,1299,1063,2023-11-17
385,71,103,Rep_3,Proposal,5,249,756,2023-10-05
386,255,100,Rep_7,Proposal,5,199,598,2023-12-20
387,2,103,Rep_8,Closed Won,1,249,249,2023-03-23
388,261,105,Rep_8,Proposal,1,1499,645,2023-04-18
389,10,102,Rep_4,Closed Lost,1,1299,886,2023-05-10
390,95,105,Rep_14,Contacted,1,1499,510,2023-05-21
391,245,104,Rep_7,Closed Lost,3,999,1347,2023-04-14
392,125,102,Rep_15,Closed Lost,1,1299,674,2023-12-31
393,429,102,Rep_1,Proposal,1,1299,549,2023-10-19
394,60,108,Rep_3,Contacted,1,399,148,2023-01-10
395,27,102,Rep_7,Proposal,1,1299,494,2022-07-11
396,319,101,Rep_1,Closed Won,1,499,499,2023-01-24
397,231,109,Rep_7,Closed Won,1,2199,2199,2022-07-23
398,57,106,Rep_5,Proposal,1,299,137,2023-09-28
399,378,108,Rep_15,Closed Won,1,399,399,2022-06-03
400,117,108,Rep_13,Proposal,1,399,142,2022-03-17
401,335,106,Rep_13,Closed Lost,1,299,155,2023-11-10
402,463,109,Rep_8,Proposal,1,2199,854,2022-05-31
403,468,105,Rep_5,Proposal,1,1499,1101,2022-03-14
404,10,103,Rep_7,Closed Won,2,249,498,2023-08-09
405,30,107,Rep_12,Closed Lost,2,799,561,2022-04-17
406,103,107,Rep_12,Proposal,2,799,1031,2023-10-11
407,167,106,Rep_13,Closed Won,2,299,598,2023-01-11
408,272,101,Rep_9,Closed Won,1,499,499,2023-11-28
409,62,108,Rep_11,Contacted,2,399,577,2023-03-22
410,359,105,Rep_12,Proposal,1,1499,1316,2022-05-10
411,422,101,Rep_8,Closed Lost,1,499,416,2022-04-15
412,451,101,Rep_3,Closed Won,1,499,499,2023-06-10
413,359,103,Rep_4,Proposal,3,249,634,2022-05-03
414,498,107,Rep_5,Closed Won,2,799,1598,2023-12-31
415,209,102,Rep_4,Closed Won,3,1299,3897,2023-12-13
416,158,104,Rep_1,Proposal,2,999,1221,2022-04-17
417,69,104,Rep_10,Proposal,1,999,713,2022-02-14
418,335,108,Rep_12,Contacted,1,399,143,2023-11-15
419,190,108,Rep_9,Contacted,5,399,1548,2022-10-24
420,496,100,Rep_1,Proposal,5,199,857,2023-04-26
421,397,109,Rep_12,Proposal,1,2199,1796,2022-06-20
422,243,107,Rep_6,Closed Won,1,799,799,2022-07-29
423,464,107,Rep_1,Contacted,1,799,524,2023-12-10
424,63,100,Rep_1,Closed Won,4,199,796,2023-06-09
425,300,100,Rep_10,Proposal,1,199,149,2022-12-05
426,336,103,Rep_8,Contacted,1,249,152,2023-05-31
427,65,107,Rep_9,Closed Lost,1,799,673,2022-09-04
428,132,100,Rep_15,Closed Won,2,199,398,2023-10-12
429,489,108,Rep_14,Closed Lost,2,399,287,2023-02-22
430,214,100,Rep_9,Contacted,1,199,105,2023-10-05
431,411,101,Rep_3,Closed Lost,1,499,211,2022-11-21
432,166,102,Rep_1,Closed Won,1,1299,1299,2023-08-15
433,325,108,Rep_9,Closed Won,1,399,399,2023-09-13
434,208,108,Rep_2,Contacted,1,399,275,2023-09-10
435,382,105,Rep_14,Contacted,1,1499,1235,2022-03-14
436,181,107,Rep_3,Proposal,1,799,657,2022-09-24
437,499,100,Rep_2,Proposal,1,199,112,2023-12-10
438,103,100,Rep_10,Closed Won,2,199,398,2023-12-31
439,56,103,Rep_2,Closed Lost,1,249,113,2022-12-25
440,121,107,Rep_11,Proposal,1,799,621,2022-03-10
441,413,108,Rep_14,Contacted,2,399,297,2023-12-03
442,248,102,Rep_4,Closed Won,2,1299,2598,2023-02-12
443,21,108,Rep_7,Proposal,3,399,1065,2022-12-11
444,12,105,Rep_2,Closed Won,1,1499,1499,2022-11-29
445,300,102,Rep_15,Closed Won,1,1299,1299,2022-12-19
446,353,103,Rep_10,Proposal,3,249,304,2023-05-22
447,205,100,Rep_4,Contacted,1,199,87,2023-01-30
448,489,109,Rep_10,Closed Lost,1,2199,1093,2022-11-25
449,45,100,Rep_10,Contacted,2,199,216,2022-05-18
450,70,101,Rep_1,Closed Lost,2,499,668,2023-02-26
451,223,105,Rep_10,Proposal,1,1499,1066,2023-11-29
452,394,101,Rep_2,Closed Won,1,499,499,2023-02-07
453,400,104,Rep_7,Proposal,1,999,884,2023-12-29
454,225,109,Rep_11,Proposal,1,2199,1940,2023-11-22
455,66,108,Rep_10,Contacted,1,399,338,2022-05-15
456,222,102,Rep_10,Closed Lost,1,1299,538,2022-05-17
457,367,107,Rep_9,Contacted,5,799,3331,2023-07-22
458,300,109,Rep_6,Proposal,2,2199,2958,2022-12-10
459,25,108,Rep_15,Contacted,3,399,986,2022-07-28
460,260,108,Rep_5,Closed Lost,1,399,324,2022-07-15
461,156,100,Rep_4,Proposal,1,199,139,2023-12-31
462,79,108,Rep_11,Closed Won,2,399,798,2022-08-11
463,458,106,Rep_12,Proposal,1,299,105,2022-09-25
464,399,105,Rep_6,Closed Won,1,1499,1499,2022-12-21
465,107,101,Rep_4,Closed Lost,1,499,157,2023-07-15
466,303,109,Rep_5,Proposal,2,2199,2235,2023-12-26
467,304,107,Rep_7,Closed Won,1,799,799,2023-11-19
468,172,108,Rep_3,Proposal,1,399,265,2023-05-20
469,97,100,Rep_11,Closed Lost,5,199,419,2022-06-16
470,494,108,Rep_11,Closed Lost,1,399,213,2023-06-12
471,306,102,Rep_5,Closed Won,2,1299,2598,2023-08-11
472,444,105,Rep_8,Proposal,1,1499,802,2023-12-05
473,20,108,Rep_6,Contacted,2,399,655,2022-12-08
474,233,102,Rep_15,Closed Won,4,1299,5196,2023-03-11
475,430,106,Rep_13,Closed Lost,1,299,158,2022-05-02
476,226,101,Rep_15,Closed Lost,2,499,354,2023-12-23
477,205,102,Rep_2,Closed Won,5,1299,6495,2023-03-20
478,4,109,Rep_1,Closed Won,2,2199,4398,2022-05-03
479,226,109,Rep_8,Contacted,1,2199,1968,2023-12-15
480,113,100,Rep_10,Closed Won,1,199,199,2023-01-23
481,42,102,Rep_10,Closed Lost,1,1299,779,2023-08-14
482,180,106,Rep_2,Closed Won,2,299,598,2023-11-30
483,381,101,Rep_2,Contacted,1,499,407,2022-08-03
484,163,104,Rep_9,Proposal,1,999,397,2023-11-04
485,465,109,Rep_4,Closed Lost,2,2199,2514,2023-01-07
486,327,101,Rep_9,Closed Lost,2,499,603,2022-10-23
487,317,102,Rep_5,Closed Lost,2,1299,2053,2023-04-15
488,143,109,Rep_3,Closed Won,2,2199,4398,2023-08-15
489,139,105,Rep_15,Closed Lost,2,1499,2284,2022-03-04
490,481,103,Rep_6,Contacted,2,249,373,2022-02-15
491,77,100,Rep_15,Proposal,2,199,166,2023-09-02
492,161,102,Rep_2,Closed Won,3,1299,3897,2023-08-27
493,346,105,Rep_15,Closed Won,1,1499,1499,2022-04-24
494,362,109,Rep_4,Closed Lost,1,2199,1671,2022-08-14
495,450,101,Rep_6,Closed Lost,1,499,370,2023-12-04
496,420,102,Rep_5,Proposal,1,1299,731,2023-09-22
497,141,105,Rep_3,Closed Won,1,1499,1499,2023-04-19
498,439,109,Rep_8,Proposal,1,2199,1667,2022-06-28
499,365,106,Rep_14,Proposal,1,299,202,2022-05-10
500,92,102,Rep_9,Proposal,2,1299,2018,2022-09-03
501,252,103,Rep_12,Contacted,2,249,283,2022-06-30
502,47,109,Rep_5,Contacted,2,2199,1454,2023-11-08
503,272,101,Rep_10,Closed Won,3,499,1497,2023-12-31
504,360,102,Rep_13,Closed Lost,1,1299,973,2022-07-13
505,369,102,Rep_11,Closed Won,1,1299,1299,2022-11-25
506,251,104,Rep_9,Proposal,1,999,649,2022-05-29
507,24,101,Rep_1,Contacted,1,499,394,2023-01-27
508,387,106,Rep_11,Closed Lost,2,299,180,2023-07-03
509,405,108,Rep_14,Closed Lost,1,399,355,2022-07-27
510,134,101,Rep_9,Closed Won,1,499,499,2022-08-11
511,25,103,Rep_5,Closed Won,1,249,249,2022-07-17
512,482,102,Rep_15,Contacted,1,1299,553,2023-07-01
513,214,103,Rep_11,Closed Lost,1,249,178,2023-10-06
514,455,106,Rep_2,Contacted,1,299,91,2023-12-31
515,372,105,Rep_15,Closed Won,1,1499,1499,2022-10-21
516,225,102,Rep_3,Closed Won,1,1299,1299,2023-11-04
517,138,101,Rep_5,Closed Lost,1,499,415,2022-08-30
518,258,109,Rep_2,Closed Won,1,2199,2199,2023-10-09
519,280,100,Rep_15,Closed Won,3,199,597,2022-08-04
520,331,106,Rep_2,Closed Lost,2,299,531,2023-09-12
521,218,108,Rep_12,Closed Won,1,399,399,2023-03-17
522,166,105,Rep_9,Contacted,1,1499,517,2023-07-25
523,266,104,Rep_3,Closed Won,1,999,999,2022-12-12
524,110,106,Rep_5,Contacted,4,299,1043,2023-11-20
525,402,109,Rep_5,Closed Won,1,2199,2199,2023-12-08
526,369,105,Rep_10,Contacted,1,1499,1342,2022-11-29
527,239,109,Rep_4,Proposal,3,2199,2363,2022-05-29
528,236,107,Rep_12,Contacted,1,799,650,2023-12-31
529,380,109,Rep_6,Closed Won,1,2199,2199,2022-10-13
530,16,105,Rep_4,Contacted,5,1499,2385,2022-04-17
531,57,108,Rep_11,Contacted,1,399,206,2023-07-23
532,26,102,Rep_11,Proposal,3,1299,1292,2022-10-11
533,499,103,Rep_14,Contacted,5,249,1050,2023-11-23
534,303,102,Rep_5,Contacted,1,1299,1064,2023-12-22
535,134,100,Rep_9,Closed Won,1,199,199,2022-09-04
536,59,105,Rep_8,Closed Won,2,1499,2998,2022-07-10
537,490,107,Rep_5,Contacted,1,799,688,2023-06-05
538,167,109,Rep_15,Contacted,1,2199,1472,2023-01-27
539,202,103,Rep_15,Closed Lost,1,249,171,2023-07-28
540,336,102,Rep_14,Contacted,2,1299,1522,2023-07-20
541,430,100,Rep_1,Closed Lost,3,199,197,2022-05-13
542,335,107,Rep_2,Proposal,1,799,303,2023-11-09
543,300,103,Rep_11,Proposal,4,249,320,2022-12-29
544,477,108,Rep_7,Closed Won,2,399,798,2023-11-26
545,148,101,Rep_14,Contacted,3,499,958,2023-03-30
546,50,101,Rep_5,Closed Won,1,499,499,2022-10-08
547,426,101,Rep_1,Proposal,1,499,447,2023-10-22
548,385,102,Rep_1,Contacted,2,1299,1867,2023-07-30
549,256,107,Rep_6,Closed Won,1,799,799,2023-07-06
550,457,101,Rep_13,Closed Won,1,499,499,2023-08-24
551,336,104,Rep_3,Closed Won,2,999,1998,2023-06-11
552,440,109,Rep_11,Closed Lost,5,2199,8324,2022-05-30
553,78,108,Rep_5,Closed Won,1,399,399,2022-06-15
554,329,104,Rep_3,Closed Won,1,999,999,2022-09-01
555,161,104,Rep_12,Closed Won,1,999,999,2023-07-12
556,303,107,Rep_8,Closed Lost,1,799,612,2023-12-31
557,289,100,Rep_9,Contacted,1,199,177,2023-09-20
558,436,102,Rep_12,Closed Won,1,1299,1299,2022-03-22
559,333,107,Rep_7,Closed Lost,2,799,1128,2023-06-05
560,495,102,Rep_9,Closed Won,1,1299,1299,2022-07-04
561,3,103,Rep_1,Proposal,1,249,97,2022-10-24
562,62,108,Rep_2,Contacted,2,399,429,2023-04-10
563,162,101,Rep_2,Closed Won,1,499,499,2023-09-17
564,112,109,Rep_15,Closed Won,1,2199,2199,2022-11-01
565,165,103,Rep_12,Contacted,1,249,82,2023-09-28
566,397,101,Rep_15,Closed Lost,5,499,1843,2022-06-03
567,153,101,Rep_3,Contacted,2,499,891,2022-03-15
568,236,109,Rep_9,Closed Won,1,2199,2199,2023-09-08
569,410,102,Rep_1,Closed Won,1,1299,1299,2023-01-19
570,7,100,Rep_14,Closed Won,1,199,199,2022-02-03
571,393,108,Rep_6,Proposal,1,399,217,2023-05-27
572,229,106,Rep_10,Contacted,1,299,226,2023-04-17
573,436,103,Rep_9,Closed Won,5,249,1245,2022-03-09
574,10,103,Rep_3,Contacted,2,249,272,2023-05-03
575,173,102,Rep_7,Closed Lost,4,1299,4106,2022-08-19
576,286,107,Rep_3,Contacted,3,799,1476,2023-11-24
577,370,103,Rep_1,Closed Lost,1,249,214,2023-11-24
578,376,103,Rep_5,Contacted,4,249,306,2023-05-14
579,53,104,Rep_6,Closed Lost,1,999,615,2022-11-25
580,274,100,Rep_15,Contacted,1,199,89,2022-05-21
581,59,101,Rep_15,Contacted,1,499,152,2022-04-12
582,357,105,Rep_13,Contacted,1,1499,1292,2022-04-20
583,214,101,Rep_14,Contacted,1,499,295,2023-10-08
584,72,102,Rep_1,Closed Won,1,1299,1299,2022-05-07
585,490,106,Rep_15,Proposal,3,299,715,2023-06-25
586,436,107,Rep_6,Proposal,1,799,253,2022-03-05
587,208,109,Rep_4,Closed Lost,1,2199,884,2023-11-03
588,199,109,Rep_11,Contacted,1,2199,1851,2022-06-13
589,376,101,Rep_4,Contacted,1,499,376,2023-05-07
590,238,108,Rep_11,Proposal,1,399,201,2023-07-22
591,467,105,Rep_2,Closed Won,3,1499,4497,2022-03-21
592,439,109,Rep_6,Contacted,3,2199,5167,2022-05-18
593,330,101,Rep_13,Contacted,3,499,919,2022-11-06
594,423,109,Rep_9,Proposal,1,2199,1801,2022-09-08
595,479,100,Rep_15,Closed Lost,1,199,77,2022-09-24
596,287,108,Rep_14,Contacted,1,399,320,2023-09-28
597,83,101,Rep_7,Contacted,2,499,507,2023-04-08
598,334,106,Rep_10,Proposal,1,299,207,2023-04-10
599,51,100,Rep_12,Closed Won,2,199,398,2023-01-25
600,430,100,Rep_3,Proposal,1,199,106,2022-04-18
601,209,103,Rep_15,Contacted,1,249,176,2023-10-05
602,496,100,Rep_15,Closed Won,1,199,199,2023-04-22
603,165,109,Rep_4,Proposal,2,2199,1539,2023-10-09
604,5,106,Rep_14,Closed Lost,5,299,1084,2022-03-18
605,174,104,Rep_3,Contacted,1,999,727,2022-08-29
606,163,109,Rep_13,Closed Won,1,2199,2199,2023-10-23
607,458,106,Rep_13,Proposal,1,299,221,2022-10-02
608,324,105,Rep_3,Closed Lost,1,1499,1257,2023-02-02
609,464,109,Rep_15,Contacted,5,2199,6094,2023-12-19
610,369,101,Rep_7,Proposal,1,499,396,2023-01-19
611,422,109,Rep_1,Contacted,1,2199,1852,2022-06-27
612,450,100,Rep_3,Closed Won,1,199,199,2023-08-27
613,297,104,Rep_12,Contacted,1,999,610,2023-04-18
614,120,107,Rep_15,Proposal,1,799,372,2022-02-12
615,477,109,Rep_6,Proposal,2,2199,3278,2023-09-17
616,305,105,Rep_13,Contacted,1,1499,811,2022-07-18
617,116,100,Rep_15,Closed Won,2,199,398,2022-03-17
618,97,102,Rep_7,Closed Won,1,1299,1299,2022-08-25
619,84,108,Rep_13,Proposal,1,399,246,2023-12-31
620,123,104,Rep_11,Contacted,1,999,758,2023-03-05
621,83,106,Rep_14,Closed Won,1,299,299,2023-04-24
622,34,103,Rep_12,Contacted,1,249,107,2022-03-19
623,490,108,Rep_13,Closed Lost,1,399,162,2023-07-02
624,201,100,Rep_4,Closed Won,1,199,199,2023-03-23
625,40,105,Rep_5,Closed Lost,1,1499,763,2023-11-19
626,36,102,Rep_3,Contacted,1,1299,608,2023-11-19
627,184,103,Rep_13,Closed Won,3,249,747,2023-04-09
628,196,105,Rep_12,Proposal,1,1499,719,2023-04-19
629,155,109,Rep_2,Closed Won,3,2199,6597,2022-06-11
630,315,101,Rep_7,Proposal,1,499,223,2022-02-04
631,126,103,Rep_14,Contacted,1,249,187,2022-07-21
632,198,102,Rep_1,Contacted,1,1299,961,2023-11-30
633,59,107,Rep_14,Contacted,1,799,408,2022-05-04
634,396,105,Rep_8,Closed Lost,1,1499,1051,2023-05-05
635,280,101,Rep_4,Contacted,1,499,174,2022-08-26
636,130,101,Rep_4,Contacted,1,499,224,2023-09-12
637,119,103,Rep_14,Closed Won,5,249,1245,2022-08-30
638,319,106,Rep_15,Closed Won,1,299,299,2023-01-11
639,393,105,Rep_8,Contacted,4,1499,2690,2023-05-29
640,463,104,Rep_6,Closed Won,1,999,999,2022-03-28
641,420,101,Rep_5,Contacted,3,499,1135,2023-09-30
642,469,107,Rep_14,Proposal,3,799,841,2022-05-16
643,354,108,Rep_13,Contacted,1,399,120,2022-11-13
644,333,106,Rep_14,Contacted,5,299,792,2023-05-17
645,160,101,Rep_4,Contacted,1,499,406,2023-11-29
646,257,108,Rep_4,Contacted,1,399,289,2023-01-26
647,63,102,Rep_1,Closed Lost,1,1299,623,2023-05-24
648,8,107,Rep_11,Contacted,1,799,447,2023-10-02
649,257,106,Rep_4,Contacted,2,299,294,2023-01-25
650,348,109,Rep_7,Closed Won,1,2199,2199,2023-07-22
651,434,104,Rep_6,Contacted,1,999,358,2022-05-09
652,165,100,Rep_5,Contacted,3,199,408,2023-12-31
653,254,101,Rep_14,Closed Won,1,499,499,2023-07-05
654,157,103,Rep_2,Proposal,1,249,223,2022-09-26
655,33,109,Rep_13,Contacted,1,2199,1873,2023-06-07
656,236,100,Rep_5,Closed Lost,1,199,116,2023-09-29
657,242,101,Rep_6,Proposal,1,499,445,2022-05-04
658,360,102,Rep_11,Proposal,1,1299,415,2022-08-17
659,357,107,Rep_9,Proposal,2,799,545,2022-04-09
660,34,104,Rep_7,Closed Won,1,999,999,2022-03-03
661,151,100,Rep_11,Closed Lost,1,199,98,2022-06-22
662,287,106,Rep_14,Closed Won,2,299,598,2023-09-20
663,334,108,Rep_9,Contacted,1,399,144,2023-05-10
664,359,108,Rep_6,Contacted,1,399,149,2022-06-06
665,317,107,Rep_1,Closed Lost,4,799,1245,2023-04-11
666,451,101,Rep_2,Closed Lost,1,499,233,2023-08-04
667,22,100,Rep_15,Proposal,1,199,116,2023-08-06
668,467,104,Rep_5,Closed Lost,2,999,1149,2022-03-22
669,178,101,Rep_3,Proposal,1,499,288,2023-01-19
670,128,107,Rep_10,Closed Won,2,799,1598,2023-12-30
671,352,102,Rep_5,Contacted,3,1299,1644,2023-01-02
672,255,105,Rep_1,Closed Lost,1,1499,737,2023-10-23
673,156,105,Rep_2,Closed Lost,1,1499,1077,2023-11-30
674,456,109,Rep_10,Contacted,1,2199,1300,2023-04-27
675,275,103,Rep_7,Closed Won,1,249,249,2022-06-15
676,160,105,Rep_6,Contacted,1,1499,1273,2023-12-26
677,289,104,Rep_12,Closed Won,1,999,999,2023-12-17
678,147,108,Rep_13,Closed Lost,2,399,264,2023-08-02
679,475,104,Rep_6,Proposal,1,999,650,2022-12-09
680,393,109,Rep_7,Proposal,1,2199,1756,2023-07-13
681,288,109,Rep_10,Contacted,1,2199,1124,2023-09-25
682,181,104,Rep_9,Proposal,1,999,886,2022-11-10
683,295,101,Rep_2,Closed Won,5,499,2495,2022-05-06
684,493,108,Rep_7,Closed Won,2,399,798,2022-10-20
685,309,105,Rep_15,Proposal,1,1499,1204,2023-05-29
686,123,100,Rep_10,Proposal,1,199,113,2023-04-18
687,329,106,Rep_4,Closed Lost,3,299,632,2022-08-26
688,143,100,Rep_5,Contacted,3,199,305,2023-09-04
689,166,108,Rep_1,Proposal,1,399,147,2023-08-08
690,380,102,Rep_12,Proposal,1,1299,981,2022-11-06
691,45,108,Rep_7,Contacted,1,399,224,2022-07-07
692,108,103,Rep_1,Closed Lost,1,249,174,2023-09-11
693,215,108,Rep_9,Contacted,1,399,346,2022-08-25
694,430,106,Rep_15,Closed Won,4,299,1196,2022-08-29
695,395,109,Rep_13,Contacted,1,2199,1479,2023-10-23
696,246,105,Rep_9,Proposal,1,1499,1109,2022-12-22
697,374,102,Rep_11,Closed Won,1,1299,1299,2023-11-12
698,391,101,Rep_12,Closed Won,1,499,499,2022-02-12
699,336,100,Rep_12,Closed Lost,1,199,161,2023-07-05
700,143,105,Rep_12,Contacted,1,1499,950,2023-10-16
701,90,101,Rep_11,Proposal,2,499,714,2022-12-30
702,306,100,Rep_4,Closed Lost,2,199,157,2023-10-02
703,428,101,Rep_6,Closed Lost,1,499,424,2023-01-22
704,264,107,Rep_7,Closed Lost,5,799,1933,2022-09-22
705,285,106,Rep_2,Proposal,1,299,217,2022-05-05
706,253,107,Rep_11,Closed Won,5,799,3995,2023-12-31
707,427,101,Rep_15,Proposal,1,499,285,2022-10-24
708,314,107,Rep_6,Closed Won,1,799,799,2023-10-30
709,155,103,Rep_10,Contacted,1,249,96,2022-06-15
710,363,106,Rep_6,Proposal,1,299,235,2022-09-16
711,121,101,Rep_11,Closed Lost,1,499,368,2022-03-02
712,222,100,Rep_14,Contacted,1,199,91,2022-02-22
713,105,106,Rep_2,Proposal,1,299,109,2022-09-05
714,453,106,Rep_12,Contacted,1,299,224,2022-10-11
715,489,101,Rep_15,Proposal,2,499,742,2022-12-05
716,353,106,Rep_5,Closed Won,1,299,299,2023-05-22
717,86,107,Rep_9,Proposal,1,799,514,2023-12-26
718,450,105,Rep_5,Closed Won,1,1499,1499,2023-08-27
719,437,104,Rep_11,Proposal,2,999,1351,2022-12-21
720,170,105,Rep_7,Closed Lost,1,1499,805,2023-05-28
721,458,104,Rep_6,Closed Won,2,999,1998,2022-09-14
722,295,103,Rep_7,Contacted,1,249,177,2022-07-14
723,445,106,Rep_12,Closed Won,1,299,299,2023-06-08
724,226,100,Rep_5,Proposal,1,199,143,2023-12-16
725,401,106,Rep_9,Closed Won,1,299,299,2022-03-31
726,38,108,Rep_3,Closed Lost,1,399,126,2023-12-06
727,198,102,Rep_4,Closed Lost,1,1299,491,2023-12-03
728,267,102,Rep_7,Closed Lost,1,1299,783,2023-09-20
729,68,104,Rep_11,Proposal,2,999,1121,2023-04-12
730,60,108,Rep_7,Contacted,1,399,263,2023-02-04
731,220,102,Rep_11,Closed Won,2,1299,2598,2023-11-04
732,419,102,Rep_12,Closed Lost,1,1299,851,2023-08-23
733,391,109,Rep_15,Contacted,2,2199,1420,2022-01-27
734,455,106,Rep_3,Closed Won,1,299,299,2023-12-16
735,47,104,Rep_10,Proposal,1,999,468,2023-10-23
736,428,102,Rep_10,Contacted,1,1299,824,2023-03-10
737,223,107,Rep_5,Closed Lost,1,799,670,2023-11-17
738,367,102,Rep_7,Closed Won,2,1299,2598,2023-08-19
739,164,101,Rep_9,Proposal,5,499,1147,2022-02-03
740,241,102,Rep_14,Closed Lost,1,1299,520,2022-07-21
741,34,100,Rep_1,Closed Won,1,199,199,2022-03-03
742,361,104,Rep_5,Closed Won,1,999,999,2022-09-18
743,262,103,Rep_5,Proposal,1,249,156,2022-11-03
744,81,104,Rep_4,Closed Won,1,999,999,2022-10-07
745,260,101,Rep_7,Closed Won,1,499,499,2022-08-11
746,140,103,Rep_13,Closed Won,1,249,249,2023-07-11
747,248,100,Rep_10,Closed Won,1,199,199,2023-03-04
748,383,107,Rep_10,Closed Lost,1,799,476,2023-04-29
749,212,109,Rep_11,Contacted,1,2199,1605,2022-06-03
750,141,106,Rep_6,Proposal,2,299,208,2023-05-16
751,441,102,Rep_8,Proposal,1,1299,991,2023-03-29
752,375,106,Rep_8,Contacted,1,299,90,2022-06-05
753,81,102,Rep_8,Closed Won,1,1299,1299,2022-09-28
754,269,100,Rep_11,Closed Lost,1,199,70,2022-02-10
755,360,107,Rep_4,Closed Won,1,799,799,2022-07-28
756,448,100,Rep_9,Closed Lost,3,199,269,2022-05-18
757,257,101,Rep_8,Closed Lost,2,499,522,2022-12-17
758,324,101,Rep_13,Closed Won,4,499,1996,2023-01-02
759,304,105,Rep_15,Closed Lost,1,1499,648,2023-12-31
760,451,101,Rep_13,Contacted,2,499,694,2023-07-17
761,95,108,Rep_12,Contacted,1,399,257,2023-05-14
762,416,108,Rep_3,Closed Won,1,399,399,2023-10-13
763,394,102,Rep_11,Closed Won,1,1299,1299,2023-03-15
764,94,102,Rep_2,Contacted,1,1299,1123,2023-03-23
765,365,105,Rep_5,Closed Lost,2,1499,2440,2022-06-13
766,121,105,Rep_9,Closed Won,1,1499,1499,2022-04-20
767,225,107,Rep_11,Closed Lost,1,799,515,2023-11-27
768,428,106,Rep_11,Proposal,1,299,232,2023-02-04
769,193,100,Rep_10,Closed Won,1,199,199,2023-01-29
770,286,101,Rep_6,Closed Lost,1,499,361,2023-12-31
771,91,103,Rep_2,Contacted,1,249,136,2022-04-04
772,112,101,Rep_14,Closed Lost,1,499,179,2022-10-17
773,308,100,Rep_13,Closed Won,1,199,199,2022-11-22
774,144,103,Rep_4,Proposal,1,249,81,2022-10-12
775,139,100,Rep_11,Proposal,1,199,103,2022-01-30
776,112,108,Rep_5,Closed Lost,1,399,214,2022-11-08
777,415,104,Rep_4,Contacted,4,999,2448,2023-04-16
778,70,100,Rep_13,Closed Won,5,199,995,2023-02-21
779,203,107,Rep_4,Contacted,1,799,640,2022-09-26
780,260,106,Rep_3,Proposal,1,299,208,2022-06-27
781,473,102,Rep_1,Contacted,1,1299,496,2023-06-13
782,456,108,Rep_1,Closed Lost,1,399,227,2023-09-10
783,229,105,Rep_4,Proposal,3,1499,3547,2023-04-18
784,50,101,Rep_8,Closed Won,1,499,499,2022-11-19
785,466,100,Rep_10,Contacted,1,199,83,2022-09-01
786,453,101,Rep_14,Closed Lost,1,499,322,2022-11-10
787,494,102,Rep_13,Contacted,1,1299,530,2023-07-02
788,70,103,Rep_2,Proposal,1,249,132,2023-03-25
789,172,106,Rep_8,Contacted,1,299,230,2023-05-07
790,249,102,Rep_7,Proposal,1,1299,1005,2022-12-13
791,350,107,Rep_15,Closed Won,3,799,2397,2022-05-27
792,276,100,Rep_11,Contacted,3,199,448,2022-02-07
793,320,108,Rep_10,Contacted,5,399,1648,2022-02-03
794,228,109,Rep_4,Proposal,2,2199,1740,2022-09-25
795,282,100,Rep_12,Closed Lost,2,199,301,2023-02-20
796,133,107,Rep_12,Closed Lost,3,799,1290,2022-02-01
797,181,108,Rep_7,Closed Won,1,399,399,2022-09-19
798,495,100,Rep_8,Proposal,4,199,434,2022-06-13
799,330,104,Rep_7,Contacted,1,999,806,2022-11-16
800,365,101,Rep_4,Closed Lost,1,499,250,2022-06-01
801,156,100,Rep_3,Closed Won,1,199,199,2023-12-24
802,345,104,Rep_11,Closed Lost,5,999,2677,2023-06-12
803,299,105,Rep_12,Proposal,1,1499,466,2022-06-03
804,5,100,Rep_1,Contacted,1,199,141,2022-03-26
805,458,101,Rep_15,Closed Lost,5,499,1734,2022-10-05
806,235,106,Rep_13,Proposal,1,299,168,2022-10-14
807,28,104,Rep_14,Proposal,1,999,862,2023-06-16
808,304,107,Rep_13,Closed Won,4,799,3196,2023-12-31
809,464,100,Rep_15,Closed Won,1,199,199,2023-12-31
810,450,109,Rep_2,Proposal,1,2199,861,2023-08-25
811,246,107,Rep_13,Proposal,1,799,649,2023-02-26
812,221,101,Rep_7,Closed Lost,2,499,476,2022-05-13
813,43,107,Rep_4,Contacted,1,799,510,2022-10-16
814,329,107,Rep_3,Contacted,2,799,1314,2022-08-24
815,351,106,Rep_13,Closed Lost,3,299,276,2022-10-22
816,340,102,Rep_12,Contacted,5,1299,4678,2023-06-11
817,118,101,Rep_9,Closed Won,3,499,1497,2022-06-04
818,250,102,Rep_8,Closed Won,1,1299,1299,2023-05-27
819,433,105,Rep_1,Closed Won,2,1499,2998,2023-10-25
820,390,100,Rep_9,Proposal,3,199,494,2023-12-05
821,35,103,Rep_4,Closed Won,1,249,249,2023-06-10
822,189,101,Rep_15,Closed Won,1,499,499,2022-10-07
823,20,106,Rep_14,Closed Lost,1,299,120,2023-01-11
824,230,103,Rep_2,Closed Lost,1,249,161,2022-07-27
825,88,100,Rep_8,Contacted,1,199,133,2023-12-31
826,233,106,Rep_3,Contacted,3,299,579,2023-02-14
827,442,106,Rep_13,Closed Won,2,299,598,2023-10-15
828,40,106,Rep_8,Contacted,1,299,109,2023-12-15
829,243,102,Rep_11,Proposal,2,1299,1555,2022-07-18
830,228,106,Rep_9,Contacted,2,299,299,2022-09-09
831,188,101,Rep_9,Closed Lost,1,499,359,2023-12-07
832,29,108,Rep_10,Closed Lost,1,399,340,2023-01-10
833,310,101,Rep_6,Closed Won,1,499,499,2023-03-13
834,390,109,Rep_13,Contacted,1,2199,1912,2023-12-16
835,44,101,Rep_15,Closed Lost,1,499,246,2023-06-17
836,433,100,Rep_8,Closed Won,1,199,199,2023-12-31
837,114,108,Rep_10,Proposal,4,399,862,2023-05-28
838,263,105,Rep_14,Closed Lost,1,1499,451,2023-09-12
839,136,107,Rep_12,Contacted,1,799,319,2023-02-05
840,272,106,Rep_15,Contacted,1,299,229,2023-10-15
841,329,102,Rep_9,Contacted,1,1299,971,2022-08-15
842,187,103,Rep_7,Closed Won,2,249,498,2022-12-17
843,43,109,Rep_14,Closed Won,2,2199,4398,2022-09-15
844,111,109,Rep_15,Proposal,1,2199,915,2023-04-10
845,229,103,Rep_9,Contacted,1,249,213,2023-04-12
846,198,102,Rep_8,Contacted,1,1299,1047,2023-12-15
847,104,105,Rep_15,Contacted,1,1499,785,2023-05-07
848,206,103,Rep_3,Contacted,1,249,193,2023-03-21
849,169,102,Rep_12,Contacted,1,1299,1063,2023-10-17
850,262,101,Rep_14,Proposal,5,499,1610,2022-11-29
